front_database/person_0_abad/000.pgm;0
front_database/person_0_abad/001.pgm;0
front_database/person_0_abad/002.pgm;0
front_database/person_0_abad/003.pgm;0
front_database/person_0_abad/004.pgm;0
front_database/person_0_abad/005.pgm;0
front_database/person_0_abad/006.pgm;0
front_database/person_0_abad/007.pgm;0
front_database/person_0_abad/008.pgm;0
front_database/person_0_abad/009.pgm;0
front_database/person_0_abad/010.pgm;0
front_database/person_0_abad/011.pgm;0
front_database/person_0_abad/012.pgm;0
front_database/person_0_abad/013.pgm;0
front_database/person_0_abad/014.pgm;0
front_database/person_0_abad/015.pgm;0
front_database/person_0_abad/016.pgm;0
front_database/person_0_abad/017.pgm;0
front_database/person_0_abad/018.pgm;0
front_database/person_0_abad/019.pgm;0
front_database/person_0_abad/020.pgm;0
front_database/person_0_abad/021.pgm;0
front_database/person_0_abad/022.pgm;0
front_database/person_0_abad/023.pgm;0
front_database/person_0_abad/024.pgm;0
front_database/person_0_abad/025.pgm;0
front_database/person_0_abad/026.pgm;0
front_database/person_0_abad/027.pgm;0
front_database/person_0_abad/028.pgm;0
front_database/person_0_abad/029.pgm;0
front_database/person_0_abad/030.pgm;0
front_database/person_0_abad/031.pgm;0
front_database/person_0_abad/032.pgm;0
front_database/person_0_abad/033.pgm;0
front_database/person_0_abad/034.pgm;0
front_database/person_0_abad/035.pgm;0
front_database/person_0_abad/036.pgm;0
front_database/person_0_abad/037.pgm;0
front_database/person_0_abad/038.pgm;0
front_database/person_0_abad/039.pgm;0
front_database/person_0_abad/040.pgm;0
front_database/person_0_abad/041.pgm;0
front_database/person_0_abad/042.pgm;0
front_database/person_0_abad/043.pgm;0
front_database/person_0_abad/044.pgm;0
front_database/person_0_abad/045.pgm;0
front_database/person_0_abad/046.pgm;0
front_database/person_0_abad/047.pgm;0
front_database/person_0_abad/048.pgm;0
front_database/person_0_abad/049.pgm;0
front_database/person_1_agui/000.pgm;1
front_database/person_1_agui/001.pgm;1
front_database/person_1_agui/002.pgm;1
front_database/person_1_agui/003.pgm;1
front_database/person_1_agui/004.pgm;1
front_database/person_1_agui/005.pgm;1
front_database/person_1_agui/006.pgm;1
front_database/person_1_agui/007.pgm;1
front_database/person_1_agui/008.pgm;1
front_database/person_1_agui/009.pgm;1
front_database/person_1_agui/010.pgm;1
front_database/person_1_agui/011.pgm;1
front_database/person_1_agui/012.pgm;1
front_database/person_1_agui/013.pgm;1
front_database/person_1_agui/014.pgm;1
front_database/person_1_agui/015.pgm;1
front_database/person_1_agui/016.pgm;1
front_database/person_1_agui/017.pgm;1
front_database/person_1_agui/018.pgm;1
front_database/person_1_agui/019.pgm;1
front_database/person_1_agui/020.pgm;1
front_database/person_1_agui/021.pgm;1
front_database/person_1_agui/022.pgm;1
front_database/person_1_agui/023.pgm;1
front_database/person_1_agui/024.pgm;1
front_database/person_1_agui/025.pgm;1
front_database/person_1_agui/026.pgm;1
front_database/person_1_agui/027.pgm;1
front_database/person_1_agui/028.pgm;1
front_database/person_1_agui/029.pgm;1
front_database/person_1_agui/030.pgm;1
front_database/person_1_agui/031.pgm;1
front_database/person_1_agui/032.pgm;1
front_database/person_1_agui/033.pgm;1
front_database/person_1_agui/034.pgm;1
front_database/person_1_agui/035.pgm;1
front_database/person_1_agui/036.pgm;1
front_database/person_1_agui/037.pgm;1
front_database/person_1_agui/038.pgm;1
front_database/person_1_agui/039.pgm;1
front_database/person_1_agui/040.pgm;1
front_database/person_1_agui/041.pgm;1
front_database/person_1_agui/042.pgm;1
front_database/person_1_agui/043.pgm;1
front_database/person_1_agui/044.pgm;1
front_database/person_1_agui/045.pgm;1
front_database/person_1_agui/046.pgm;1
front_database/person_1_agui/047.pgm;1
front_database/person_1_agui/048.pgm;1
front_database/person_1_agui/049.pgm;1
front_database/person_2_cans/000.pgm;2
front_database/person_2_cans/001.pgm;2
front_database/person_2_cans/002.pgm;2
front_database/person_2_cans/003.pgm;2
front_database/person_2_cans/004.pgm;2
front_database/person_2_cans/005.pgm;2
front_database/person_2_cans/006.pgm;2
front_database/person_2_cans/007.pgm;2
front_database/person_2_cans/008.pgm;2
front_database/person_2_cans/009.pgm;2
front_database/person_2_cans/010.pgm;2
front_database/person_2_cans/011.pgm;2
front_database/person_2_cans/012.pgm;2
front_database/person_2_cans/013.pgm;2
front_database/person_2_cans/014.pgm;2
front_database/person_2_cans/015.pgm;2
front_database/person_2_cans/016.pgm;2
front_database/person_2_cans/017.pgm;2
front_database/person_2_cans/018.pgm;2
front_database/person_2_cans/019.pgm;2
front_database/person_2_cans/020.pgm;2
front_database/person_2_cans/021.pgm;2
front_database/person_2_cans/022.pgm;2
front_database/person_2_cans/023.pgm;2
front_database/person_2_cans/024.pgm;2
front_database/person_2_cans/025.pgm;2
front_database/person_2_cans/026.pgm;2
front_database/person_2_cans/027.pgm;2
front_database/person_2_cans/028.pgm;2
front_database/person_2_cans/029.pgm;2
front_database/person_2_cans/030.pgm;2
front_database/person_2_cans/031.pgm;2
front_database/person_2_cans/032.pgm;2
front_database/person_2_cans/033.pgm;2
front_database/person_2_cans/034.pgm;2
front_database/person_2_cans/035.pgm;2
front_database/person_2_cans/036.pgm;2
front_database/person_2_cans/037.pgm;2
front_database/person_2_cans/038.pgm;2
front_database/person_2_cans/039.pgm;2
front_database/person_2_cans/040.pgm;2
front_database/person_2_cans/041.pgm;2
front_database/person_2_cans/042.pgm;2
front_database/person_2_cans/043.pgm;2
front_database/person_2_cans/044.pgm;2
front_database/person_2_cans/045.pgm;2
front_database/person_2_cans/046.pgm;2
front_database/person_2_cans/047.pgm;2
front_database/person_2_cans/048.pgm;2
front_database/person_2_cans/049.pgm;2
front_database/person_3_degu/000.pgm;3
front_database/person_3_degu/001.pgm;3
front_database/person_3_degu/002.pgm;3
front_database/person_3_degu/003.pgm;3
front_database/person_3_degu/004.pgm;3
front_database/person_3_degu/005.pgm;3
front_database/person_3_degu/006.pgm;3
front_database/person_3_degu/007.pgm;3
front_database/person_3_degu/008.pgm;3
front_database/person_3_degu/009.pgm;3
front_database/person_3_degu/010.pgm;3
front_database/person_3_degu/011.pgm;3
front_database/person_3_degu/012.pgm;3
front_database/person_3_degu/013.pgm;3
front_database/person_3_degu/014.pgm;3
front_database/person_3_degu/015.pgm;3
front_database/person_3_degu/016.pgm;3
front_database/person_3_degu/017.pgm;3
front_database/person_3_degu/018.pgm;3
front_database/person_3_degu/019.pgm;3
front_database/person_3_degu/020.pgm;3
front_database/person_3_degu/021.pgm;3
front_database/person_3_degu/022.pgm;3
front_database/person_3_degu/023.pgm;3
front_database/person_3_degu/024.pgm;3
front_database/person_3_degu/025.pgm;3
front_database/person_3_degu/026.pgm;3
front_database/person_3_degu/027.pgm;3
front_database/person_3_degu/028.pgm;3
front_database/person_3_degu/029.pgm;3
front_database/person_3_degu/030.pgm;3
front_database/person_3_degu/031.pgm;3
front_database/person_3_degu/032.pgm;3
front_database/person_3_degu/033.pgm;3
front_database/person_3_degu/034.pgm;3
front_database/person_3_degu/035.pgm;3
front_database/person_3_degu/036.pgm;3
front_database/person_3_degu/037.pgm;3
front_database/person_3_degu/038.pgm;3
front_database/person_3_degu/039.pgm;3
front_database/person_3_degu/040.pgm;3
front_database/person_3_degu/041.pgm;3
front_database/person_3_degu/042.pgm;3
front_database/person_3_degu/043.pgm;3
front_database/person_3_degu/044.pgm;3
front_database/person_3_degu/045.pgm;3
front_database/person_3_degu/046.pgm;3
front_database/person_3_degu/047.pgm;3
front_database/person_3_degu/048.pgm;3
front_database/person_3_degu/049.pgm;3
front_database/person_4_hato/000.pgm;4
front_database/person_4_hato/001.pgm;4
front_database/person_4_hato/002.pgm;4
front_database/person_4_hato/003.pgm;4
front_database/person_4_hato/004.pgm;4
front_database/person_4_hato/005.pgm;4
front_database/person_4_hato/006.pgm;4
front_database/person_4_hato/007.pgm;4
front_database/person_4_hato/008.pgm;4
front_database/person_4_hato/009.pgm;4
front_database/person_4_hato/010.pgm;4
front_database/person_4_hato/011.pgm;4
front_database/person_4_hato/012.pgm;4
front_database/person_4_hato/013.pgm;4
front_database/person_4_hato/014.pgm;4
front_database/person_4_hato/015.pgm;4
front_database/person_4_hato/016.pgm;4
front_database/person_4_hato/017.pgm;4
front_database/person_4_hato/018.pgm;4
front_database/person_4_hato/019.pgm;4
front_database/person_4_hato/020.pgm;4
front_database/person_4_hato/021.pgm;4
front_database/person_4_hato/022.pgm;4
front_database/person_4_hato/023.pgm;4
front_database/person_4_hato/024.pgm;4
front_database/person_4_hato/025.pgm;4
front_database/person_4_hato/026.pgm;4
front_database/person_4_hato/027.pgm;4
front_database/person_4_hato/028.pgm;4
front_database/person_4_hato/029.pgm;4
front_database/person_4_hato/030.pgm;4
front_database/person_4_hato/031.pgm;4
front_database/person_4_hato/032.pgm;4
front_database/person_4_hato/033.pgm;4
front_database/person_4_hato/034.pgm;4
front_database/person_4_hato/035.pgm;4
front_database/person_4_hato/036.pgm;4
front_database/person_4_hato/037.pgm;4
front_database/person_4_hato/038.pgm;4
front_database/person_4_hato/039.pgm;4
front_database/person_4_hato/040.pgm;4
front_database/person_4_hato/041.pgm;4
front_database/person_4_hato/042.pgm;4
front_database/person_4_hato/043.pgm;4
front_database/person_4_hato/044.pgm;4
front_database/person_4_hato/045.pgm;4
front_database/person_4_hato/046.pgm;4
front_database/person_4_hato/047.pgm;4
front_database/person_4_hato/048.pgm;4
front_database/person_4_hato/049.pgm;4
front_database/person_5_libb/000.pgm;5
front_database/person_5_libb/001.pgm;5
front_database/person_5_libb/002.pgm;5
front_database/person_5_libb/003.pgm;5
front_database/person_5_libb/004.pgm;5
front_database/person_5_libb/005.pgm;5
front_database/person_5_libb/006.pgm;5
front_database/person_5_libb/007.pgm;5
front_database/person_5_libb/008.pgm;5
front_database/person_5_libb/009.pgm;5
front_database/person_5_libb/010.pgm;5
front_database/person_5_libb/011.pgm;5
front_database/person_5_libb/012.pgm;5
front_database/person_5_libb/013.pgm;5
front_database/person_5_libb/014.pgm;5
front_database/person_5_libb/015.pgm;5
front_database/person_5_libb/016.pgm;5
front_database/person_5_libb/017.pgm;5
front_database/person_5_libb/018.pgm;5
front_database/person_5_libb/019.pgm;5
front_database/person_5_libb/020.pgm;5
front_database/person_5_libb/021.pgm;5
front_database/person_5_libb/022.pgm;5
front_database/person_5_libb/023.pgm;5
front_database/person_5_libb/024.pgm;5
front_database/person_5_libb/025.pgm;5
front_database/person_5_libb/026.pgm;5
front_database/person_5_libb/027.pgm;5
front_database/person_5_libb/028.pgm;5
front_database/person_5_libb/029.pgm;5
front_database/person_5_libb/030.pgm;5
front_database/person_5_libb/031.pgm;5
front_database/person_5_libb/032.pgm;5
front_database/person_5_libb/033.pgm;5
front_database/person_5_libb/034.pgm;5
front_database/person_5_libb/035.pgm;5
front_database/person_5_libb/036.pgm;5
front_database/person_5_libb/037.pgm;5
front_database/person_5_libb/038.pgm;5
front_database/person_5_libb/039.pgm;5
front_database/person_5_libb/040.pgm;5
front_database/person_5_libb/041.pgm;5
front_database/person_5_libb/042.pgm;5
front_database/person_5_libb/043.pgm;5
front_database/person_5_libb/044.pgm;5
front_database/person_5_libb/045.pgm;5
front_database/person_5_libb/046.pgm;5
front_database/person_5_libb/047.pgm;5
front_database/person_5_libb/048.pgm;5
front_database/person_5_libb/049.pgm;5
front_database/person_6_palo/000.pgm;6
front_database/person_6_palo/001.pgm;6
front_database/person_6_palo/002.pgm;6
front_database/person_6_palo/003.pgm;6
front_database/person_6_palo/004.pgm;6
front_database/person_6_palo/005.pgm;6
front_database/person_6_palo/006.pgm;6
front_database/person_6_palo/007.pgm;6
front_database/person_6_palo/008.pgm;6
front_database/person_6_palo/009.pgm;6
front_database/person_6_palo/010.pgm;6
front_database/person_6_palo/011.pgm;6
front_database/person_6_palo/012.pgm;6
front_database/person_6_palo/013.pgm;6
front_database/person_6_palo/014.pgm;6
front_database/person_6_palo/015.pgm;6
front_database/person_6_palo/016.pgm;6
front_database/person_6_palo/017.pgm;6
front_database/person_6_palo/018.pgm;6
front_database/person_6_palo/019.pgm;6
front_database/person_6_palo/020.pgm;6
front_database/person_6_palo/021.pgm;6
front_database/person_6_palo/022.pgm;6
front_database/person_6_palo/023.pgm;6
front_database/person_6_palo/024.pgm;6
front_database/person_6_palo/025.pgm;6
front_database/person_6_palo/026.pgm;6
front_database/person_6_palo/027.pgm;6
front_database/person_6_palo/028.pgm;6
front_database/person_6_palo/029.pgm;6
front_database/person_6_palo/030.pgm;6
front_database/person_6_palo/031.pgm;6
front_database/person_6_palo/032.pgm;6
front_database/person_6_palo/033.pgm;6
front_database/person_6_palo/034.pgm;6
front_database/person_6_palo/035.pgm;6
front_database/person_6_palo/036.pgm;6
front_database/person_6_palo/037.pgm;6
front_database/person_6_palo/038.pgm;6
front_database/person_6_palo/039.pgm;6
front_database/person_6_palo/040.pgm;6
front_database/person_6_palo/041.pgm;6
front_database/person_6_palo/042.pgm;6
front_database/person_6_palo/043.pgm;6
front_database/person_6_palo/044.pgm;6
front_database/person_6_palo/045.pgm;6
front_database/person_6_palo/046.pgm;6
front_database/person_6_palo/047.pgm;6
front_database/person_6_palo/048.pgm;6
front_database/person_6_palo/049.pgm;6
front_database/person_7_prim/000.pgm;7
front_database/person_7_prim/001.pgm;7
front_database/person_7_prim/002.pgm;7
front_database/person_7_prim/003.pgm;7
front_database/person_7_prim/004.pgm;7
front_database/person_7_prim/005.pgm;7
front_database/person_7_prim/006.pgm;7
front_database/person_7_prim/007.pgm;7
front_database/person_7_prim/008.pgm;7
front_database/person_7_prim/009.pgm;7
front_database/person_7_prim/010.pgm;7
front_database/person_7_prim/011.pgm;7
front_database/person_7_prim/012.pgm;7
front_database/person_7_prim/013.pgm;7
front_database/person_7_prim/014.pgm;7
front_database/person_7_prim/015.pgm;7
front_database/person_7_prim/016.pgm;7
front_database/person_7_prim/017.pgm;7
front_database/person_7_prim/018.pgm;7
front_database/person_7_prim/019.pgm;7
front_database/person_7_prim/020.pgm;7
front_database/person_7_prim/021.pgm;7
front_database/person_7_prim/022.pgm;7
front_database/person_7_prim/023.pgm;7
front_database/person_7_prim/024.pgm;7
front_database/person_7_prim/025.pgm;7
front_database/person_7_prim/026.pgm;7
front_database/person_7_prim/027.pgm;7
front_database/person_7_prim/028.pgm;7
front_database/person_7_prim/029.pgm;7
front_database/person_7_prim/030.pgm;7
front_database/person_7_prim/031.pgm;7
front_database/person_7_prim/032.pgm;7
front_database/person_7_prim/033.pgm;7
front_database/person_7_prim/034.pgm;7
front_database/person_7_prim/035.pgm;7
front_database/person_7_prim/036.pgm;7
front_database/person_7_prim/037.pgm;7
front_database/person_7_prim/038.pgm;7
front_database/person_7_prim/039.pgm;7
front_database/person_7_prim/040.pgm;7
front_database/person_7_prim/041.pgm;7
front_database/person_7_prim/042.pgm;7
front_database/person_7_prim/043.pgm;7
front_database/person_7_prim/044.pgm;7
front_database/person_7_prim/045.pgm;7
front_database/person_7_prim/046.pgm;7
front_database/person_7_prim/047.pgm;7
front_database/person_7_prim/048.pgm;7
front_database/person_7_prim/049.pgm;7
front_database/person_8_rosa/000.pgm;8
front_database/person_8_rosa/001.pgm;8
front_database/person_8_rosa/002.pgm;8
front_database/person_8_rosa/003.pgm;8
front_database/person_8_rosa/004.pgm;8
front_database/person_8_rosa/005.pgm;8
front_database/person_8_rosa/006.pgm;8
front_database/person_8_rosa/007.pgm;8
front_database/person_8_rosa/008.pgm;8
front_database/person_8_rosa/009.pgm;8
front_database/person_8_rosa/010.pgm;8
front_database/person_8_rosa/011.pgm;8
front_database/person_8_rosa/012.pgm;8
front_database/person_8_rosa/013.pgm;8
front_database/person_8_rosa/014.pgm;8
front_database/person_8_rosa/015.pgm;8
front_database/person_8_rosa/016.pgm;8
front_database/person_8_rosa/017.pgm;8
front_database/person_8_rosa/018.pgm;8
front_database/person_8_rosa/019.pgm;8
front_database/person_8_rosa/020.pgm;8
front_database/person_8_rosa/021.pgm;8
front_database/person_8_rosa/022.pgm;8
front_database/person_8_rosa/023.pgm;8
front_database/person_8_rosa/024.pgm;8
front_database/person_8_rosa/025.pgm;8
front_database/person_8_rosa/026.pgm;8
front_database/person_8_rosa/027.pgm;8
front_database/person_8_rosa/028.pgm;8
front_database/person_8_rosa/029.pgm;8
front_database/person_8_rosa/030.pgm;8
front_database/person_8_rosa/031.pgm;8
front_database/person_8_rosa/032.pgm;8
front_database/person_8_rosa/033.pgm;8
front_database/person_8_rosa/034.pgm;8
front_database/person_8_rosa/035.pgm;8
front_database/person_8_rosa/036.pgm;8
front_database/person_8_rosa/037.pgm;8
front_database/person_8_rosa/038.pgm;8
front_database/person_8_rosa/039.pgm;8
front_database/person_8_rosa/040.pgm;8
front_database/person_8_rosa/041.pgm;8
front_database/person_8_rosa/042.pgm;8
front_database/person_8_rosa/043.pgm;8
front_database/person_8_rosa/044.pgm;8
front_database/person_8_rosa/045.pgm;8
front_database/person_8_rosa/046.pgm;8
front_database/person_8_rosa/047.pgm;8
front_database/person_8_rosa/048.pgm;8
front_database/person_8_rosa/049.pgm;8
front_database/person_9_venu/000.pgm;9
front_database/person_9_venu/001.pgm;9
front_database/person_9_venu/002.pgm;9
front_database/person_9_venu/003.pgm;9
front_database/person_9_venu/004.pgm;9
front_database/person_9_venu/005.pgm;9
front_database/person_9_venu/006.pgm;9
front_database/person_9_venu/007.pgm;9
front_database/person_9_venu/008.pgm;9
front_database/person_9_venu/009.pgm;9
front_database/person_9_venu/010.pgm;9
front_database/person_9_venu/011.pgm;9
front_database/person_9_venu/012.pgm;9
front_database/person_9_venu/013.pgm;9
front_database/person_9_venu/014.pgm;9
front_database/person_9_venu/015.pgm;9
front_database/person_9_venu/016.pgm;9
front_database/person_9_venu/017.pgm;9
front_database/person_9_venu/018.pgm;9
front_database/person_9_venu/019.pgm;9
front_database/person_9_venu/020.pgm;9
front_database/person_9_venu/021.pgm;9
front_database/person_9_venu/022.pgm;9
front_database/person_9_venu/023.pgm;9
front_database/person_9_venu/024.pgm;9
front_database/person_9_venu/025.pgm;9
front_database/person_9_venu/026.pgm;9
front_database/person_9_venu/027.pgm;9
front_database/person_9_venu/028.pgm;9
front_database/person_9_venu/029.pgm;9
front_database/person_9_venu/030.pgm;9
front_database/person_9_venu/031.pgm;9
front_database/person_9_venu/032.pgm;9
front_database/person_9_venu/033.pgm;9
front_database/person_9_venu/034.pgm;9
front_database/person_9_venu/035.pgm;9
front_database/person_9_venu/036.pgm;9
front_database/person_9_venu/037.pgm;9
front_database/person_9_venu/038.pgm;9
front_database/person_9_venu/039.pgm;9
front_database/person_9_venu/040.pgm;9
front_database/person_9_venu/041.pgm;9
front_database/person_9_venu/042.pgm;9
front_database/person_9_venu/043.pgm;9
front_database/person_9_venu/044.pgm;9
front_database/person_9_venu/045.pgm;9
front_database/person_9_venu/046.pgm;9
front_database/person_9_venu/047.pgm;9
front_database/person_9_venu/048.pgm;9
front_database/person_9_venu/049.pgm;9
