side_database/person_0_abad/000.pgm;0
side_database/person_0_abad/001.pgm;0
side_database/person_0_abad/002.pgm;0
side_database/person_0_abad/003.pgm;0
side_database/person_0_abad/004.pgm;0
side_database/person_0_abad/005.pgm;0
side_database/person_0_abad/006.pgm;0
side_database/person_0_abad/007.pgm;0
side_database/person_0_abad/008.pgm;0
side_database/person_0_abad/009.pgm;0
side_database/person_0_abad/010.pgm;0
side_database/person_0_abad/011.pgm;0
side_database/person_0_abad/012.pgm;0
side_database/person_0_abad/013.pgm;0
side_database/person_0_abad/014.pgm;0
side_database/person_0_abad/015.pgm;0
side_database/person_0_abad/016.pgm;0
side_database/person_0_abad/017.pgm;0
side_database/person_0_abad/018.pgm;0
side_database/person_0_abad/019.pgm;0
side_database/person_0_abad/020.pgm;0
side_database/person_0_abad/021.pgm;0
side_database/person_0_abad/022.pgm;0
side_database/person_0_abad/023.pgm;0
side_database/person_0_abad/024.pgm;0
side_database/person_0_abad/025.pgm;0
side_database/person_0_abad/026.pgm;0
side_database/person_0_abad/027.pgm;0
side_database/person_0_abad/028.pgm;0
side_database/person_0_abad/029.pgm;0
side_database/person_1_agui/000.pgm;1
side_database/person_1_agui/001.pgm;1
side_database/person_1_agui/002.pgm;1
side_database/person_1_agui/003.pgm;1
side_database/person_1_agui/004.pgm;1
side_database/person_1_agui/005.pgm;1
side_database/person_1_agui/006.pgm;1
side_database/person_1_agui/007.pgm;1
side_database/person_1_agui/008.pgm;1
side_database/person_1_agui/009.pgm;1
side_database/person_1_agui/010.pgm;1
side_database/person_1_agui/011.pgm;1
side_database/person_1_agui/012.pgm;1
side_database/person_1_agui/013.pgm;1
side_database/person_1_agui/014.pgm;1
side_database/person_1_agui/015.pgm;1
side_database/person_1_agui/016.pgm;1
side_database/person_1_agui/017.pgm;1
side_database/person_1_agui/018.pgm;1
side_database/person_1_agui/019.pgm;1
side_database/person_1_agui/020.pgm;1
side_database/person_1_agui/021.pgm;1
side_database/person_1_agui/022.pgm;1
side_database/person_1_agui/023.pgm;1
side_database/person_1_agui/024.pgm;1
side_database/person_1_agui/025.pgm;1
side_database/person_1_agui/026.pgm;1
side_database/person_1_agui/027.pgm;1
side_database/person_1_agui/028.pgm;1
side_database/person_1_agui/029.pgm;1
side_database/person_2_cans/000.pgm;2
side_database/person_2_cans/001.pgm;2
side_database/person_2_cans/002.pgm;2
side_database/person_2_cans/003.pgm;2
side_database/person_2_cans/004.pgm;2
side_database/person_2_cans/005.pgm;2
side_database/person_2_cans/006.pgm;2
side_database/person_2_cans/007.pgm;2
side_database/person_2_cans/008.pgm;2
side_database/person_2_cans/009.pgm;2
side_database/person_2_cans/010.pgm;2
side_database/person_2_cans/011.pgm;2
side_database/person_2_cans/012.pgm;2
side_database/person_2_cans/013.pgm;2
side_database/person_2_cans/014.pgm;2
side_database/person_2_cans/015.pgm;2
side_database/person_2_cans/016.pgm;2
side_database/person_2_cans/017.pgm;2
side_database/person_2_cans/018.pgm;2
side_database/person_2_cans/019.pgm;2
side_database/person_2_cans/020.pgm;2
side_database/person_2_cans/021.pgm;2
side_database/person_2_cans/022.pgm;2
side_database/person_2_cans/023.pgm;2
side_database/person_2_cans/024.pgm;2
side_database/person_2_cans/025.pgm;2
side_database/person_2_cans/026.pgm;2
side_database/person_2_cans/027.pgm;2
side_database/person_2_cans/028.pgm;2
side_database/person_2_cans/029.pgm;2
side_database/person_3_degu/000.pgm;3
side_database/person_3_degu/001.pgm;3
side_database/person_3_degu/002.pgm;3
side_database/person_3_degu/003.pgm;3
side_database/person_3_degu/004.pgm;3
side_database/person_3_degu/005.pgm;3
side_database/person_3_degu/006.pgm;3
side_database/person_3_degu/007.pgm;3
side_database/person_3_degu/008.pgm;3
side_database/person_3_degu/009.pgm;3
side_database/person_3_degu/010.pgm;3
side_database/person_3_degu/011.pgm;3
side_database/person_3_degu/012.pgm;3
side_database/person_3_degu/013.pgm;3
side_database/person_3_degu/014.pgm;3
side_database/person_3_degu/015.pgm;3
side_database/person_3_degu/016.pgm;3
side_database/person_3_degu/017.pgm;3
side_database/person_3_degu/018.pgm;3
side_database/person_3_degu/019.pgm;3
side_database/person_3_degu/020.pgm;3
side_database/person_3_degu/021.pgm;3
side_database/person_3_degu/022.pgm;3
side_database/person_3_degu/023.pgm;3
side_database/person_3_degu/024.pgm;3
side_database/person_3_degu/025.pgm;3
side_database/person_3_degu/026.pgm;3
side_database/person_3_degu/027.pgm;3
side_database/person_3_degu/028.pgm;3
side_database/person_3_degu/029.pgm;3
side_database/person_4_hato/000.pgm;4
side_database/person_4_hato/001.pgm;4
side_database/person_4_hato/002.pgm;4
side_database/person_4_hato/003.pgm;4
side_database/person_4_hato/004.pgm;4
side_database/person_4_hato/005.pgm;4
side_database/person_4_hato/006.pgm;4
side_database/person_4_hato/007.pgm;4
side_database/person_4_hato/008.pgm;4
side_database/person_4_hato/009.pgm;4
side_database/person_4_hato/010.pgm;4
side_database/person_4_hato/011.pgm;4
side_database/person_4_hato/012.pgm;4
side_database/person_4_hato/013.pgm;4
side_database/person_4_hato/014.pgm;4
side_database/person_4_hato/015.pgm;4
side_database/person_4_hato/016.pgm;4
side_database/person_4_hato/017.pgm;4
side_database/person_4_hato/018.pgm;4
side_database/person_4_hato/019.pgm;4
side_database/person_4_hato/020.pgm;4
side_database/person_4_hato/021.pgm;4
side_database/person_4_hato/022.pgm;4
side_database/person_4_hato/023.pgm;4
side_database/person_4_hato/024.pgm;4
side_database/person_4_hato/025.pgm;4
side_database/person_4_hato/026.pgm;4
side_database/person_4_hato/027.pgm;4
side_database/person_4_hato/028.pgm;4
side_database/person_4_hato/029.pgm;4
side_database/person_5_libb/000.pgm;5
side_database/person_5_libb/001.pgm;5
side_database/person_5_libb/002.pgm;5
side_database/person_5_libb/003.pgm;5
side_database/person_5_libb/004.pgm;5
side_database/person_5_libb/005.pgm;5
side_database/person_5_libb/006.pgm;5
side_database/person_5_libb/007.pgm;5
side_database/person_5_libb/008.pgm;5
side_database/person_5_libb/009.pgm;5
side_database/person_5_libb/010.pgm;5
side_database/person_5_libb/011.pgm;5
side_database/person_5_libb/012.pgm;5
side_database/person_5_libb/013.pgm;5
side_database/person_5_libb/014.pgm;5
side_database/person_5_libb/015.pgm;5
side_database/person_5_libb/016.pgm;5
side_database/person_5_libb/017.pgm;5
side_database/person_5_libb/018.pgm;5
side_database/person_5_libb/019.pgm;5
side_database/person_5_libb/020.pgm;5
side_database/person_5_libb/021.pgm;5
side_database/person_5_libb/022.pgm;5
side_database/person_5_libb/023.pgm;5
side_database/person_5_libb/024.pgm;5
side_database/person_5_libb/025.pgm;5
side_database/person_5_libb/026.pgm;5
side_database/person_5_libb/027.pgm;5
side_database/person_5_libb/028.pgm;5
side_database/person_5_libb/029.pgm;5
side_database/person_6_palo/000.pgm;6
side_database/person_6_palo/001.pgm;6
side_database/person_6_palo/002.pgm;6
side_database/person_6_palo/003.pgm;6
side_database/person_6_palo/004.pgm;6
side_database/person_6_palo/005.pgm;6
side_database/person_6_palo/006.pgm;6
side_database/person_6_palo/007.pgm;6
side_database/person_6_palo/008.pgm;6
side_database/person_6_palo/009.pgm;6
side_database/person_6_palo/010.pgm;6
side_database/person_6_palo/011.pgm;6
side_database/person_6_palo/012.pgm;6
side_database/person_6_palo/013.pgm;6
side_database/person_6_palo/014.pgm;6
side_database/person_6_palo/015.pgm;6
side_database/person_6_palo/016.pgm;6
side_database/person_6_palo/017.pgm;6
side_database/person_6_palo/018.pgm;6
side_database/person_6_palo/019.pgm;6
side_database/person_6_palo/020.pgm;6
side_database/person_6_palo/021.pgm;6
side_database/person_6_palo/022.pgm;6
side_database/person_6_palo/023.pgm;6
side_database/person_6_palo/024.pgm;6
side_database/person_6_palo/025.pgm;6
side_database/person_6_palo/026.pgm;6
side_database/person_6_palo/027.pgm;6
side_database/person_6_palo/028.pgm;6
side_database/person_6_palo/029.pgm;6
side_database/person_7_prim/000.pgm;7
side_database/person_7_prim/001.pgm;7
side_database/person_7_prim/002.pgm;7
side_database/person_7_prim/003.pgm;7
side_database/person_7_prim/004.pgm;7
side_database/person_7_prim/005.pgm;7
side_database/person_7_prim/006.pgm;7
side_database/person_7_prim/007.pgm;7
side_database/person_7_prim/008.pgm;7
side_database/person_7_prim/009.pgm;7
side_database/person_7_prim/010.pgm;7
side_database/person_7_prim/011.pgm;7
side_database/person_7_prim/012.pgm;7
side_database/person_7_prim/013.pgm;7
side_database/person_7_prim/014.pgm;7
side_database/person_7_prim/015.pgm;7
side_database/person_7_prim/016.pgm;7
side_database/person_7_prim/017.pgm;7
side_database/person_7_prim/018.pgm;7
side_database/person_7_prim/019.pgm;7
side_database/person_7_prim/020.pgm;7
side_database/person_7_prim/021.pgm;7
side_database/person_7_prim/022.pgm;7
side_database/person_7_prim/023.pgm;7
side_database/person_7_prim/024.pgm;7
side_database/person_7_prim/025.pgm;7
side_database/person_7_prim/026.pgm;7
side_database/person_7_prim/027.pgm;7
side_database/person_7_prim/028.pgm;7
side_database/person_7_prim/029.pgm;7
side_database/person_8_rosa/000.pgm;8
side_database/person_8_rosa/001.pgm;8
side_database/person_8_rosa/002.pgm;8
side_database/person_8_rosa/003.pgm;8
side_database/person_8_rosa/004.pgm;8
side_database/person_8_rosa/005.pgm;8
side_database/person_8_rosa/006.pgm;8
side_database/person_8_rosa/007.pgm;8
side_database/person_8_rosa/008.pgm;8
side_database/person_8_rosa/009.pgm;8
side_database/person_8_rosa/010.pgm;8
side_database/person_8_rosa/011.pgm;8
side_database/person_8_rosa/012.pgm;8
side_database/person_8_rosa/013.pgm;8
side_database/person_8_rosa/014.pgm;8
side_database/person_8_rosa/015.pgm;8
side_database/person_8_rosa/016.pgm;8
side_database/person_8_rosa/017.pgm;8
side_database/person_8_rosa/018.pgm;8
side_database/person_8_rosa/019.pgm;8
side_database/person_8_rosa/020.pgm;8
side_database/person_8_rosa/021.pgm;8
side_database/person_8_rosa/022.pgm;8
side_database/person_8_rosa/023.pgm;8
side_database/person_8_rosa/024.pgm;8
side_database/person_8_rosa/025.pgm;8
side_database/person_8_rosa/026.pgm;8
side_database/person_8_rosa/027.pgm;8
side_database/person_8_rosa/028.pgm;8
side_database/person_8_rosa/029.pgm;8
side_database/person_9_venu/000.pgm;9
side_database/person_9_venu/001.pgm;9
side_database/person_9_venu/002.pgm;9
side_database/person_9_venu/003.pgm;9
side_database/person_9_venu/004.pgm;9
side_database/person_9_venu/005.pgm;9
side_database/person_9_venu/006.pgm;9
side_database/person_9_venu/007.pgm;9
side_database/person_9_venu/008.pgm;9
side_database/person_9_venu/009.pgm;9
side_database/person_9_venu/010.pgm;9
side_database/person_9_venu/011.pgm;9
side_database/person_9_venu/012.pgm;9
side_database/person_9_venu/013.pgm;9
side_database/person_9_venu/014.pgm;9
side_database/person_9_venu/015.pgm;9
side_database/person_9_venu/016.pgm;9
side_database/person_9_venu/017.pgm;9
side_database/person_9_venu/018.pgm;9
side_database/person_9_venu/019.pgm;9
side_database/person_9_venu/020.pgm;9
side_database/person_9_venu/021.pgm;9
side_database/person_9_venu/022.pgm;9
side_database/person_9_venu/023.pgm;9
side_database/person_9_venu/024.pgm;9
side_database/person_9_venu/025.pgm;9
side_database/person_9_venu/026.pgm;9
side_database/person_9_venu/027.pgm;9
side_database/person_9_venu/028.pgm;9
side_database/person_9_venu/029.pgm;9
